{
  "project_info": {
    "project_number": "555539706233",
    "firebase_url": "https://jobportal-f0e03-default-rtdb.europe-west1.firebasedatabase.app",
    "project_id": "jobportal-f0e03",
    "storage_bucket": "jobportal-f0e03.appspot.com"
  },
  "client": [
    {
      "client_info": {
        "mobilesdk_app_id": "1:555539706233:android:dc72f5258a1a3f110f7fa8",
        "android_client_info": {
          "package_name": "com.example.jobspotadmin"
        }
      },
      "oauth_client": [
        {
          "client_id": "555539706233-2po6gok6anjim7aen8b7taigldt0o14i.apps.googleusercontent.com",
          "client_type": 3
        }
      ],
      "api_key": [
        {
          "current_key": "AIzaSyB1qdZczIGeAUQU_j7U_FdwctBS_RsaQOI"
        }
      ],
      "services": {
        "appinvite_service": {
          "other_platform_oauth_client": [
            {
              "client_id": "555539706233-2po6gok6anjim7aen8b7taigldt0o14i.apps.googleusercontent.com",
              "client_type": 3
            }
          ]
        }
      }
    },
    {
      "client_info": {
        "mobilesdk_app_id": "1:555539706233:android:43a311835880ed3f0f7fa8",
        "android_client_info": {
          "package_name": "com.krish.jobspot"
        }
      },
      "oauth_client": [
        {
          "client_id": "555539706233-2po6gok6anjim7aen8b7taigldt0o14i.apps.googleusercontent.com",
          "client_type": 3
        }
      ],
      "api_key": [
        {
          "current_key": "AIzaSyB1qdZczIGeAUQU_j7U_FdwctBS_RsaQOI"
        }
      ],
      "services": {
        "appinvite_service": {
          "other_platform_oauth_client": [
            {
              "client_id": "555539706233-2po6gok6anjim7aen8b7taigldt0o14i.apps.googleusercontent.com",
              "client_type": 3
            }
          ]
        }
      }
    }
  ],
  "configuration_version": "1"
}